{"cameraMode":{"drawMode":0,"name":"Shaded","section":"Shading Mode"},"sceneLighting":true,"audioPlay":false,"sceneViewState":{"m_AlwaysRefresh":false,"showFog":true,"showSkybox":true,"showFlares":true,"showImageEffects":true,"showParticleSystems":true,"showVisualEffectGraphs":true,"m_FxEnabled":true},"in2DMode":false,"pivot":{"x":-55.809268951416019,"y":23.55748176574707,"z":-105.61071014404297},"rotation":{"x":-0.11365996301174164,"y":-0.23694688081741334,"z":0.027944060042500497,"w":-0.9644911885261536},"size":3.2739129066467287,"orthographic":false}