{"cameraMode":{"drawMode":0,"name":"Shaded","section":"Shading Mode"},"sceneLighting":true,"audioPlay":false,"sceneViewState":{"m_AlwaysRefresh":false,"showFog":true,"showSkybox":true,"showFlares":true,"showImageEffects":true,"showParticleSystems":true,"showVisualEffectGraphs":true,"m_FxEnabled":true},"in2DMode":false,"pivot":{"x":-1.1766939163208008,"y":0.04671154171228409,"z":-0.8783214092254639},"rotation":{"x":0.04458829388022423,"y":-0.06379793584346771,"z":-0.0028373387176543476,"w":-0.9970015287399292},"size":0.07876547425985336,"orthographic":false}